venue,year,identifier,comment
OSDI,,conf/osdi/osdi94
OSDI,,conf/osdi/osdi96
OSDI,,conf/osdi/osdi99
OSDI,,conf/osdi/osdi2000
OSDI,,conf/osdi/osdi2002
OSDI,,conf/osdi/osdi2004
OSDI,,conf/osdi/osdi2006
OSDI,,conf/osdi/osdi2008
OSDI,,conf/osdi/osdi2010
OSDI,,conf/osdi/osdi2012
OSDI,,conf/osdi/osdi2014
OSDI,,conf/osdi/osdi2016
OSDI,,conf/osdi/osdi2018
OSDI,,conf/osdi/osdi2020,Was published in Nov20
SOSP,,conf/sosp/sosp67
SOSP,,conf/sosp/sosp69
SOSP,,conf/sosp/sosp71
SOSP,,conf/sosp/sosp73
SOSP,,conf/sosp/sosp75
SOSP,,conf/sosp/sosp77
SOSP,,conf/sosp/sosp79
SOSP,,conf/sosp/sosp81
SOSP,,conf/sosp/sosp83
SOSP,,conf/sosp/sosp85
SOSP,,conf/sosp/sosp87
SOSP,,conf/sosp/sosp89
SOSP,,conf/sosp/sosp91
SOSP,,conf/sosp/sosp93
SOSP,,conf/sosp/sosp95
SOSP,,conf/sosp/sosp97
SOSP,,conf/sosp/sosp99
SOSP,,conf/sosp/sosp2001
SOSP,,conf/sosp/sosp2003
SOSP,,conf/sosp/sosp2005
SOSP,,conf/sosp/sosp2007
SOSP,,conf/sosp/sosp2009
SOSP,,conf/sosp/sosp2011
SOSP,,conf/sosp/sosp2013
SOSP,,conf/sosp/sosp2015
SOSP,,conf/sosp/sosp2017
SOSP,,conf/sosp/sosp2019
EuroSys,,conf/eurosys/eurosys2006
EuroSys,,conf/eurosys/eurosys2007
EuroSys,,conf/eurosys/eurosys2008
EuroSys,,conf/eurosys/eurosys2009
EuroSys,,conf/eurosys/eurosys2010
EuroSys,,conf/eurosys/eurosys2011
EuroSys,,conf/eurosys/eurosys2012
EuroSys,,conf/eurosys/eurosys2013
EuroSys,,conf/eurosys/eurosys2014
EuroSys,,conf/eurosys/eurosys2015
EuroSys,,conf/eurosys/eurosys2016
EuroSys,,conf/eurosys/eurosys2017
EuroSys,,conf/eurosys/eurosys2018
EuroSys,,conf/eurosys/eurosys2019
EuroSys,,conf/eurosys/eurosys2020
FAST,,conf/fast/fast2002
FAST,,conf/fast/fast2003
FAST,,conf/fast/fast2004
FAST,,conf/fast/fast2005
FAST,,conf/fast/fast2007
FAST,,conf/fast/fast2008
FAST,,conf/fast/fast2009
FAST,,conf/fast/fast2010
FAST,,conf/fast/fast2011
FAST,,conf/fast/fast2012
FAST,,conf/fast/fast2013
FAST,,conf/fast/fast2014
FAST,,conf/fast/fast2015
FAST,,conf/fast/fast2016
FAST,,conf/fast/fast2017
FAST,,conf/fast/fast2018
FAST,,conf/fast/fast2019
FAST,,conf/fast/fast2020
USENIX,,conf/usenix/usenix96
USENIX,,conf/usenix/usenix97
USENIX,,conf/usenix/usenix1998
USENIX,,conf/usenix/usenix1999g
USENIX,,conf/usenix/usenix2000g
USENIX,,conf/usenix/usenix2001g
USENIX,,conf/usenix/usenix2002g
USENIX,,conf/usenix/usenix2003g
USENIX,,conf/usenix/usenix2004g
USENIX,,conf/usenix/usenix2005g
USENIX,,conf/usenix/usenix2006g
USENIX,,conf/usenix/usenix2007
USENIX,,conf/usenix/usenix2008
USENIX,,conf/usenix/usenix2009
USENIX,,conf/usenix/usenix2010
USENIX,,conf/usenix/usenix2011
USENIX,,conf/usenix/usenix2012
USENIX,,conf/usenix/usenix2013
USENIX,,conf/usenix/usenix2014
USENIX,,conf/usenix/usenix2015
USENIX,,conf/usenix/usenix2016
USENIX,,conf/usenix/usenix2017
USENIX,,conf/usenix/usenix2018
USENIX,,conf/usenix/usenix2019
USENIX,,conf/usenix/usenix2020